title,description,category,published_at,polarity,subjectivity,label,fetch_timestamp,processed_title,processed_description
"Shibarium TVL surges: Impact on Shiba Inu’s burn rate, SHIB’s price - AMBCrypto News","Shibarium’s Total Value Locked (TVL) hits a record $4.72 million, reflecting growing adoption in the ecosystem.",business,2024-11-24T04:04:10Z,0.0,0.75,1,2024-11-25 00:30:30,shibarium tvl surges impact on shiba inus burn rate shibs price  ambcrypto news,shibariums total value locked tvl hits a record 472 million reflecting growing adoption in the ecosystem
"AVAX jumps 100%! Will Avalanche hit $60 now, or is a pullback here? - AMBCrypto News","Avalanche surges 100% after key breakout. Can it sustain momentum and hit $60, or is a pullback coming?",business,2024-11-24T00:04:07Z,0.0,1.0,1,2024-11-25 00:30:30,avax jumps 100 will avalanche hit 60 now or is a pullback here  ambcrypto news,avalanche surges 100 after key breakout can it sustain momentum and hit 60 or is a pullback coming
Anxiety drug Clonazepam recalled for mislabeling; could cause a 'life-threatening' event - USA TODAY,"Clonazepam, an anxiety drug, is being voluntarily recalled for the potential to cause a “life-threatening” event.",business,2024-11-23T22:12:38Z,0.0,1.0,1,2024-11-25 00:30:30,anxiety drug clonazepam recalled for mislabeling could cause a lifethreatening event  usa today,clonazepam an anxiety drug is being voluntarily recalled for the potential to cause a lifethreatening event
DOJ tells Google to sell Chrome - TechCrunch,"Welcome back to Week in Review. This week, we’re exploring the DOJ telling Google to sell off Chrome to break up its monopoly, OpenAI accidentally",business,2024-11-23T21:17:00Z,0.4,0.45,2,2024-11-25 00:30:30,doj tells google to sell chrome  techcrunch,welcome back to week in review this week were exploring the doj telling google to sell off chrome to break up its monopoly openai accidentally
Michael Saylor Reveals MicroStrategy Is 'Making $500M A Day' With Bitcoin - Yahoo Finance,MicroStrategy Inc. (NASDAQ:MSTR) co-founder Michael Saylor has revealed that the company is minting $500 million a day as Bitcoin (CRYPTO: BTC) inches closer...,business,2024-11-23T21:00:31Z,0.0,0.0,1,2024-11-25 00:30:30,michael saylor reveals microstrategy is making 500m a day with bitcoin  yahoo finance,microstrategy inc nasdaqmstr cofounder michael saylor has revealed that the company is minting 500 million a day as bitcoin crypto btc inches closer
Listeria outbreak: Recall issued as US says infant died - BBC.com,"The listeria outbreak, linked to ready-to-eat meat, is known to have sickened 11 people.",business,2024-11-23T20:16:11Z,0.0,0.0,1,2024-11-25 00:30:30,listeria outbreak recall issued as us says infant died  bbccom,the listeria outbreak linked to readytoeat meat is known to have sickened 11 people
Bluesky Overtakes Threads as Liberals Flee MAGA Trolls on X - The Daily Beast,"Prior to Nov. 5, Threads had five times more daily US users than Bluesky.",business,2024-11-23T20:09:00Z,0.16666666666666666,0.16666666666666666,2,2024-11-25 00:30:30,bluesky overtakes threads as liberals flee maga trolls on x  the daily beast,prior to nov 5 threads had five times more daily us users than bluesky
"Jaguar asks people to ""trust and reserve judgement"" on rebrand - BBC.com","The iconic carmaker's rebrand has certainly caught people's attention, but will it pay off?",business,2024-11-23T19:34:01Z,0.35714285714285715,0.5357142857142857,2,2024-11-25 00:30:30,jaguar asks people to trust and reserve judgement on rebrand  bbccom,the iconic carmakers rebrand has certainly caught peoples attention but will it pay off
Another SEC Departure: Commissioner Lizárraga To Step Down In January - Bitcoinist,"Commissioner Jaime Lizárraga of the Securities and Exchange Commission will step down on January 17th, three days before incoming US President Donald Trump’s",business,2024-11-23T19:00:39Z,-0.15555555555555556,0.2888888888888889,0,2024-11-25 00:30:30,another sec departure commissioner lizárraga to step down in january  bitcoinist,commissioner jaime lizárraga of the securities and exchange commission will step down on january 17th three days before incoming us president donald trumps
Trump and GOP eye new limits on Consumer Financial Protection Bureau - The Washington Post,President-elect Donald Trump and Republicans in Congress are weighing vast changes to the CFPB that could limit its powers and funding.,business,2024-11-23T19:00:00Z,0.0,1.0,1,2024-11-25 00:30:30,trump and gop eye new limits on consumer financial protection bureau  the washington post,presidentelect donald trump and republicans in congress are weighing vast changes to the cfpb that could limit its powers and funding
The McRib is returning for the holidays. Why isn’t it sold year-round? - CNN,The McRib and Nacho Fries disappear and reappear with no seeming pattern. Experts say that’s by design.,business,2024-11-23T18:00:00Z,0.0,0.0,1,2024-11-25 00:30:30,the mcrib is returning for the holidays why isnt it sold yearround  cnn,the mcrib and nacho fries disappear and reappear with no seeming pattern experts say thats by design
"Walmart Black Friday 2024 deals: The best sales from Apple, Ninja, Dyson and more - Yahoo Life","Major markdowns include an HP laptop for $199, a bestselling Sark vac for $97 and Airpods for $40 off.",business,2024-11-23T17:03:43Z,0.0625,0.5,1,2024-11-25 00:30:30,walmart black friday 2024 deals the best sales from apple ninja dyson and more  yahoo life,major markdowns include an hp laptop for 199 a bestselling sark vac for 97 and airpods for 40 off
"McDonald's announces 'new year, new menu' for 2025 - KARE11.com",The McValue menu will include its $5 meal deal and some new ways to save.,business,2024-11-23T17:01:03Z,0.13636363636363635,0.45454545454545453,2,2024-11-25 00:30:30,mcdonalds announces new year new menu for 2025  kare11com,the mcvalue menu will include its 5 meal deal and some new ways to save
Traveling during the holidays can be stressful. These tips can make it a little easier - The Associated Press,"Travel, especially during the holiday season, can be stressful. But following some tips from the pros as you prepare for a trip can make for a smoother, less anxious experience. One expert traveler suggests making a list a week before you go of things you nee…",business,2024-11-23T15:55:00Z,-0.10416666666666666,0.5416666666666667,0,2024-11-25 00:30:30,traveling during the holidays can be stressful these tips can make it a little easier  the associated press,travel especially during the holiday season can be stressful but following some tips from the pros as you prepare for a trip can make for a smoother less anxious experience one expert traveler suggests making a list a week before you go of things you nee
Goldman Sachs takes $900mn hit on Northvolt investment - Financial Times,US bank is second-largest shareholder in Swedish battery maker which filed for Chapter 11 bankruptcy this week,business,2024-11-23T15:19:47Z,0.0,0.0,1,2024-11-25 00:30:30,goldman sachs takes 900mn hit on northvolt investment  financial times,us bank is secondlargest shareholder in swedish battery maker which filed for chapter 11 bankruptcy this week
These key 401(k) plan changes are coming in 2025. Here's what savers need to know - CNBC,"Starting in 2025, key 401(k) plan changes enacted via Secure 2.0 could make saving for retirement easier. Here's what investors need to know.",business,2024-11-23T14:00:01Z,0.13333333333333333,0.5666666666666668,2,2024-11-25 00:30:30,these key 401k plan changes are coming in 2025 heres what savers need to know  cnbc,starting in 2025 key 401k plan changes enacted via secure 20 could make saving for retirement easier heres what investors need to know
Bitcoin 'wild' odds see 85% chance of BTC price above $100K by New Year - Cointelegraph,"Bitcoin prediction markets still see $100,000 hitting by New Year despite mounting BTC price selling pressure.",business,2024-11-23T13:43:48Z,0.13636363636363635,0.45454545454545453,2,2024-11-25 00:30:30,bitcoin wild odds see 85 chance of btc price above 100k by new year  cointelegraph,bitcoin prediction markets still see 100000 hitting by new year despite mounting btc price selling pressure
"Financial Crime Weekly: UPS Pays $45M Fine, BIT Mining Pays $4M Fine For Bribery - Benzinga",UPS pays a $45 million fine for misrepresenting its earnings and BIT Mining pays a $4 million fine for bribery of foreign officials.,business,2024-11-23T13:00:43Z,0.23611111111111113,0.375,2,2024-11-25 00:30:30,financial crime weekly ups pays 45m fine bit mining pays 4m fine for bribery  benzinga,ups pays a 45 million fine for misrepresenting its earnings and bit mining pays a 4 million fine for bribery of foreign officials
7 Best Black Friday iPad Deals for 2024 - MacRumors,"We're less than one week away from Black Friday on November 29, and Best Buy and Amazon currently have all-time low prices across Apple's...",technology,2024-11-23T21:44:00Z,0.13333333333333336,0.30000000000000004,2,2024-11-25 00:30:30,7 best black friday ipad deals for 2024  macrumors,were less than one week away from black friday on november 29 and best buy and amazon currently have alltime low prices across apples
"At The Exact Same Time, The Garmin Forerunner 55 And 255 Have Crashed to Record Low Prices - Gizmodo","The Forerunner 55 is better suited for casual athletes, while the Forerunner 255 is a top choice for regular enthusiasts.",technology,2024-11-23T21:39:52Z,0.125,0.4858974358974359,2,2024-11-25 00:30:30,at the exact same time the garmin forerunner 55 and 255 have crashed to record low prices  gizmodo,the forerunner 55 is better suited for casual athletes while the forerunner 255 is a top choice for regular enthusiasts
"OpenAI Is Reportedly In Talks With Samsung To Bring Its AI Capabilities To Galaxy Devices, Posing A Major Challenge To Google - Wccftech","OpenAI is reportedly partnering up with Samsung to bring its AI capabilities to Samsung-made devices, posing challenge to Google",technology,2024-11-23T20:43:00Z,0.0,0.0,1,2024-11-25 00:30:30,openai is reportedly in talks with samsung to bring its ai capabilities to galaxy devices posing a major challenge to google  wccftech,openai is reportedly partnering up with samsung to bring its ai capabilities to samsungmade devices posing challenge to google
"Xbox Game Pass Users Warned to ""Beware"" of Huge New Day One Game - ComicBook.com",Xbox Game Pass subscribers across Xbox Series X and PC have been warned that a huge new day one game has some serious issues.,technology,2024-11-23T20:31:33Z,-0.11939393939393941,0.5642424242424242,0,2024-11-25 00:30:30,xbox game pass users warned to beware of huge new day one game  comicbookcom,xbox game pass subscribers across xbox series x and pc have been warned that a huge new day one game has some serious issues
Level Up Your Gaming With These Early Nintendo Switch Black Friday Deals - PCMag,"Black Friday is bringing big discounts on Nintendo Switch consoles, games, and gear. Now’s the perfect time to grab some early deals and power up your playtime.",technology,2024-11-23T20:30:57Z,0.23333333333333334,0.4583333333333333,2,2024-11-25 00:30:30,level up your gaming with these early nintendo switch black friday deals  pcmag,black friday is bringing big discounts on nintendo switch consoles games and gear nows the perfect time to grab some early deals and power up your playtime
Galaxy Watch 7 Thinks It's Slick at $40 - Droid Life,"For those of you who ended up skipping the “early” Black Friday deals, you made a wise decision if you were eyeing a device like Samsung’s Galaxy Watch 7. For this weekend, you can grab one for as little as $40. Not a typo there – this $300 watch is down to j…",technology,2024-11-23T19:30:43Z,0.05805555555555555,0.4844444444444444,1,2024-11-25 00:30:30,galaxy watch 7 thinks its slick at 40  droid life,for those of you who ended up skipping the early black friday deals you made a wise decision if you were eyeing a device like samsungs galaxy watch 7 for this weekend you can grab one for as little as 40 not a typo there  this 300 watch is down to j
"Robotic shorts could help people walk farther. Yes, robotic shorts. - The Washington Post",The shorts were designed to be worn over everyday clothes.,technology,2024-11-23T19:30:25Z,-0.2,0.6,0,2024-11-25 00:30:30,robotic shorts could help people walk farther yes robotic shorts  the washington post,the shorts were designed to be worn over everyday clothes
"All Of Sony’s PlayStation 5 Models, Including The ‘Pro’ Version, Are Discounted By Up To 25 Percent For Amazon Black Friday 2024 - Wccftech",Amazon Black Friday 2024 sale has all three of Sony’s PlayStation 5 consoles listed and has slashed their prices by up to 25 percent,technology,2024-11-23T19:20:00Z,-0.16666666666666666,0.43333333333333335,0,2024-11-25 00:30:30,all of sonys playstation 5 models including the pro version are discounted by up to 25 percent for amazon black friday 2024  wccftech,amazon black friday 2024 sale has all three of sonys playstation 5 consoles listed and has slashed their prices by up to 25 percent
"The new Mail app in iOS 18.2 is nice, but I disabled one of its main features - 9to5Mac","With iOS 18.2, Apple introduced an all new Mail app. It introduced mail categorization, a fresh coat of paint, contact...",technology,2024-11-23T18:56:00Z,0.21818181818181817,0.4772727272727273,2,2024-11-25 00:30:30,the new mail app in ios 182 is nice but i disabled one of its main features  9to5mac,with ios 182 apple introduced an all new mail app it introduced mail categorization a fresh coat of paint contact
Apple Issues New Warning For Millions Of MacBook Users - Forbes,Apple confirms two macOS vulnerabilities and the need to take immediate action to protect yourselves...,technology,2024-11-23T17:24:36Z,0.1,0.1,1,2024-11-25 00:30:30,apple issues new warning for millions of macbook users  forbes,apple confirms two macos vulnerabilities and the need to take immediate action to protect yourselves
"Am I dreaming?! Samsung's early Black Friday sale launches up to $650 OFF the Galaxy S24 Plus with a trade-in, or up to $275 without - Android Central",That's a seriously good deal.,technology,2024-11-23T17:14:30Z,0.7,0.6000000000000001,2,2024-11-25 00:30:30,am i dreaming samsungs early black friday sale launches up to 650 off the galaxy s24 plus with a tradein or up to 275 without  android central,thats a seriously good deal
The RTX 5090 uses Nvidia's biggest die since the RTX 2080 Ti - TechSpot,"Trusted leaker MEGAsizeGPU recently claimed that Nvidia's upcoming GB202 graphics processor, which will power the GeForce RTX 5090, uses a 24mm x 31mm die. If the report...",technology,2024-11-23T17:05:00Z,0.0,0.25,1,2024-11-25 00:30:30,the rtx 5090 uses nvidias biggest die since the rtx 2080 ti  techspot,trusted leaker megasizegpu recently claimed that nvidias upcoming gb202 graphics processor which will power the geforce rtx 5090 uses a 24mm x 31mm die if the report
The Ultimate Gift Guide for Photographers in the 2024 Holiday Season - PetaPixel,"From must-have camera gear to unique accessories, our guide is filled with thoughtful suggestions for the photographer in your life.",technology,2024-11-23T17:01:43Z,0.39166666666666666,0.7999999999999999,2,2024-11-25 00:30:30,the ultimate gift guide for photographers in the 2024 holiday season  petapixel,from musthave camera gear to unique accessories our guide is filled with thoughtful suggestions for the photographer in your life
Massive Best Buy Black Friday sale live — here's the 35 deals I'm recommending to family and friends - Tom's Guide,The top Best Buy deals to kick start savings season,technology,2024-11-23T15:47:16Z,0.75,0.4,2,2024-11-25 00:30:30,massive best buy black friday sale live  heres the 35 deals im recommending to family and friends  toms guide,the top best buy deals to kick start savings season
"This Lenovo Chromebook Is Only $149 For Black Friday, And it Can Replace Your $1,000 Old Laptop - Gizmodo","If you're using your laptop mainly for browsing the internet, this is the best deal you can get.",technology,2024-11-23T15:45:57Z,0.5833333333333334,0.31666666666666665,2,2024-11-25 00:30:30,this lenovo chromebook is only 149 for black friday and it can replace your 1000 old laptop  gizmodo,if youre using your laptop mainly for browsing the internet this is the best deal you can get
The iMac M4 wasn’t built for this world - The Verge,"The M4 iMac is a beautiful object and a good computer, and it’s still the only Mac that comes in actual colors. But otherwise, it’s the same machine as it was in 2023, and it’s substantially the same as it was back in 2021. So who is the M4 iMac for, exactly?",technology,2024-11-23T15:15:00Z,0.22499999999999998,0.4,2,2024-11-25 00:30:30,the imac m4 wasnt built for this world  the verge,the m4 imac is a beautiful object and a good computer and its still the only mac that comes in actual colors but otherwise its the same machine as it was in 2023 and its substantially the same as it was back in 2021 so who is the m4 imac for exactly
[Removed],[Removed],technology,2024-11-23T14:33:59Z,0.0,0.0,1,2024-11-25 00:30:30,removed,removed
"World Of Warcraft At 20 Is The Same And Increasingly Unrecognizable, And That's By Design - GameSpot","Blizzard looks back on two decades of its genre-defining MMORPG, and talks how it's already planning for the next 20 years.",technology,2024-11-23T14:00:00Z,0.0,0.0,1,2024-11-25 00:30:30,world of warcraft at 20 is the same and increasingly unrecognizable and thats by design  gamespot,blizzard looks back on two decades of its genredefining mmorpg and talks how its already planning for the next 20 years
"What’s on your desk, Kylie Robison? - The Verge",The Verge’s senior reporter covering artificial intelligence (AI) has a workspace decorated with family photos and gaming figures.,technology,2024-11-23T14:00:00Z,-0.6,1.0,0,2024-11-25 00:30:30,whats on your desk kylie robison  the verge,the verges senior reporter covering artificial intelligence ai has a workspace decorated with family photos and gaming figures
Uranus mystery finally solved almost 40 years after flyby from Voyager 2 spacecraft - Earth.com,"Decades-old data from NASA's Voyager 2 has reignited interest in Uranus, revealing new insights that challenge past understandings.",science,2024-11-24T00:05:26Z,-0.05681818181818182,0.3522727272727273,1,2024-11-25 00:30:30,uranus mystery finally solved almost 40 years after flyby from voyager 2 spacecraft  earthcom,decadesold data from nasas voyager 2 has reignited interest in uranus revealing new insights that challenge past understandings
Physicists Found an Entirely New Way of Measuring Time - ScienceAlert,Determining the passage of time in our world of ticking clocks and oscillating pendulums is a simple case of counting the seconds between 'then' and 'now'.,science,2024-11-23T23:30:23Z,0.0,0.35714285714285715,1,2024-11-25 00:30:30,physicists found an entirely new way of measuring time  sciencealert,determining the passage of time in our world of ticking clocks and oscillating pendulums is a simple case of counting the seconds between then and now
Psyche Mission: What Will NASA Do With a $10 Quintillion Asteroid? - The Daily Galaxy --Great Discoveries Channel,"NASA’s Psyche Mission, launched on October 13, 2023, is on its way to explore 16 Psyche, a massive metallic asteroid valued at an astonishing $10",science,2024-11-23T23:15:34Z,0.25,1.0,2,2024-11-25 00:30:30,psyche mission what will nasa do with a 10 quintillion asteroid  the daily galaxy great discoveries channel,nasas psyche mission launched on october 13 2023 is on its way to explore 16 psyche a massive metallic asteroid valued at an astonishing 10
"Magnetic North Pole is moving and changing faster than ever, surprising scientists - Earth.com",Discover how the magnetic North Pole's rapid shift toward Russia impacts navigation and reveals Earth's dynamic core.,science,2024-11-23T22:16:14Z,0.0,0.16666666666666666,1,2024-11-25 00:30:30,magnetic north pole is moving and changing faster than ever surprising scientists  earthcom,discover how the magnetic north poles rapid shift toward russia impacts navigation and reveals earths dynamic core
Scientists Say They've Discovered the Shape of Individual Photons - Futurism,We now have a new idea of what photons look like from a model that predicts how these particles of light interact with their environment.,science,2024-11-23T17:30:14Z,0.2681818181818182,0.5772727272727273,2,2024-11-25 00:30:30,scientists say theyve discovered the shape of individual photons  futurism,we now have a new idea of what photons look like from a model that predicts how these particles of light interact with their environment
Earth Has Tilted 31.5 Inches. That Shouldn't Happen. - Yahoo! Voices,"In less than two decades, Earth has tilted 31.5 inches. That shouldn't happen. So why did it?",science,2024-11-23T16:45:00Z,-0.16666666666666666,0.06666666666666667,0,2024-11-25 00:30:30,earth has tilted 315 inches that shouldnt happen  yahoo voices,in less than two decades earth has tilted 315 inches that shouldnt happen so why did it
Extending classical black hole inequalities into the quantum realm - Phys.org,"A recent study in Physical Review Letters explores quantum effects on black hole thermodynamics and geometry, focusing on extending two classical inequalities into the quantum regime.",science,2024-11-23T15:50:01Z,-0.041666666666666664,0.20654761904761904,1,2024-11-25 00:30:30,extending classical black hole inequalities into the quantum realm  physorg,a recent study in physical review letters explores quantum effects on black hole thermodynamics and geometry focusing on extending two classical inequalities into the quantum regime
A Nearby Supernova Could Finally Solve the Dark Matter Puzzle - SciTechDaily,"Researchers believe that observing gamma rays from a supernova could confirm the existence of axions, potentially solving the mystery of dark matter. UC Berkeley scientists suggest that the detection of these particles would revolutionize our understanding of…",science,2024-11-23T15:03:50Z,-0.075,0.7,1,2024-11-25 00:30:30,a nearby supernova could finally solve the dark matter puzzle  scitechdaily,researchers believe that observing gamma rays from a supernova could confirm the existence of axions potentially solving the mystery of dark matter uc berkeley scientists suggest that the detection of these particles would revolutionize our understanding of
"I spent 10 years and $800,000 renovating an Arkansas missile silo. It's my greatest accomplishment, but I don't recommend others try it. - Business Insider",Former Air Force mechanic and tech professional GT Hill converted a 1980s missile silo into an Airbnb.,science,2024-11-23T14:28:00Z,0.05,0.05,1,2024-11-25 00:30:30,i spent 10 years and 800000 renovating an arkansas missile silo its my greatest accomplishment but i dont recommend others try it  business insider,former air force mechanic and tech professional gt hill converted a 1980s missile silo into an airbnb
"Saturday Citations: Sweaty, remarkable humans; ocean level rise projections; closeup of a star in another galaxy - Phys.org","Since we last spoke, researchers at the University of Birmingham have defined the precise shape of a single photon (spoiler: roundish). Economists worry that Trump's grandiose deportation plans could lead to a recession. And astronomers report that the Milky …",science,2024-11-23T14:00:01Z,0.10952380952380954,0.3603174603174603,2,2024-11-25 00:30:30,saturday citations sweaty remarkable humans ocean level rise projections closeup of a star in another galaxy  physorg,since we last spoke researchers at the university of birmingham have defined the precise shape of a single photon spoiler roundish economists worry that trumps grandiose deportation plans could lead to a recession and astronomers report that the milky 
Black hole quiz: How supermassive is your knowledge of the universe? - Livescience.com,Black holes have captivated scientists for more than a century. How well do you know these supermassive wonders of the universe?,science,2024-11-23T14:00:00Z,0.16666666666666669,0.4666666666666667,2,2024-11-25 00:30:30,black hole quiz how supermassive is your knowledge of the universe  livesciencecom,black holes have captivated scientists for more than a century how well do you know these supermassive wonders of the universe
Mysterious White Smokers Discovered in the Dead Sea - SciTechDaily,"Mineral chimneys found on the Dead Sea floor signal potential sinkhole sites, aiding in hazard prediction and environmental monitoring. A team of researchers led by the Helmholtz Centre for Environmental Research (UFZ) has discovered meter-high chimneys on th…",science,2024-11-23T13:43:59Z,-0.1,0.7,1,2024-11-25 00:30:30,mysterious white smokers discovered in the dead sea  scitechdaily,mineral chimneys found on the dead sea floor signal potential sinkhole sites aiding in hazard prediction and environmental monitoring a team of researchers led by the helmholtz centre for environmental research ufz has discovered meterhigh chimneys on th
"Being a Couch Potato Is Bad for Your Memory, Study Warns - Gizmodo",A new meta-analysis by researchers in Finland finds that athletes tend to have better working memory than others.,science,2024-11-23T13:01:04Z,0.3181818181818182,0.4772727272727273,2,2024-11-25 00:30:30,being a couch potato is bad for your memory study warns  gizmodo,a new metaanalysis by researchers in finland finds that athletes tend to have better working memory than others
Green spoonworm: The female tentacle monsters that turn males into 'living testicles' - Livescience.com,"This bright green sea creature contains a toxic pigment that protects it from predators, kills bacteria and determines the sex of larvae, turning males into a ""living testacle.""",science,2024-11-23T13:00:00Z,0.25,0.5499999999999999,2,2024-11-25 00:30:30,green spoonworm the female tentacle monsters that turn males into living testicles  livesciencecom,this bright green sea creature contains a toxic pigment that protects it from predators kills bacteria and determines the sex of larvae turning males into a living testacle
Rare Asteroid Sample Contaminated by Microorganisms Despite Scientists’ Best Efforts - Gizmodo,"A chunk of rock collected from the asteroid Ryugu contains bacteria—but, unfortunately, it's not evidence of alien life.",science,2024-11-23T12:00:30Z,0.0,0.875,1,2024-11-25 00:30:30,rare asteroid sample contaminated by microorganisms despite scientists best efforts  gizmodo,a chunk of rock collected from the asteroid ryugu contains bacteriabut unfortunately its not evidence of alien life
DNA From the Jungle Floor Reveals Mating Mysteries of Endangered Muriquis - SciTechDaily,"Researchers exploring the mating behaviors of Brazil's endangered northern muriquis have utilized fecal DNA analysis to uncover how these primates choose their partners, revealing a preference for mates with diverse immune system genes. This study contributes…",science,2024-11-23T11:41:54Z,0.0,0.0,1,2024-11-25 00:30:30,dna from the jungle floor reveals mating mysteries of endangered muriquis  scitechdaily,researchers exploring the mating behaviors of brazils endangered northern muriquis have utilized fecal dna analysis to uncover how these primates choose their partners revealing a preference for mates with diverse immune system genes this study contributes
"Youngest planet ever discovered has misaligned orbit, puzzles scientists - Yahoo! Voices",A newly discovered baby exoplanet called IRAS 04125+2902 b is challenging our current understanding of planet formation.,science,2024-11-23T11:31:51Z,0.21212121212121213,0.6181818181818182,2,2024-11-25 00:30:30,youngest planet ever discovered has misaligned orbit puzzles scientists  yahoo voices,a newly discovered baby exoplanet called iras 041252902 b is challenging our current understanding of planet formation
Is There a Limit to How Long Humans Can Survive in Space? - Gizmodo,"The human body was not made for space, but we keep trying to go there anyway.",science,2024-11-23T11:00:37Z,0.0,0.1,1,2024-11-25 00:30:30,is there a limit to how long humans can survive in space  gizmodo,the human body was not made for space but we keep trying to go there anyway
Why The Andromeda Galaxy Is 100 Years Old Today — And How To See It - Forbes,"Edwin Hubble's revelation in 1924 that the Andromeda Nebula was, in fact, an 'island universe,' was a pivotal moment in our understanding of the cosmos.",science,2024-11-23T11:00:00Z,0.5,0.8,2,2024-11-25 00:30:30,why the andromeda galaxy is 100 years old today  and how to see it  forbes,edwin hubbles revelation in 1924 that the andromeda nebula was in fact an island universe was a pivotal moment in our understanding of the cosmos
Scientists Uncover Potential Key to Keeping Your Brain Healthy: Midlife Recycling - SciTechDaily,"Mitophagy dynamics change with age, particularly during midlife, influencing brain health and aging. These findings offer insights for developing therapies for neurodegenerative diseases. The mitochondria, often referred to as the powerhouses of our cells, pl…",science,2024-11-23T10:38:31Z,0.16666666666666666,0.3333333333333333,2,2024-11-25 00:30:30,scientists uncover potential key to keeping your brain healthy midlife recycling  scitechdaily,mitophagy dynamics change with age particularly during midlife influencing brain health and aging these findings offer insights for developing therapies for neurodegenerative diseases the mitochondria often referred to as the powerhouses of our cells pl
[Removed],[Removed],health,2024-11-24T01:04:00Z,0.0,0.0,1,2024-11-25 00:30:30,removed,removed
Canton police warn of scam - KELOLAND.com,"SIOUX FALLS, S.D. (KELO) — Canton police are warning citizens of a scam going around. According to a post on Facebook, a scammer in Canton posing as a local rental manager and reaching out to prospective homeowners. This scammer offers rental services on legi…",health,2024-11-23T22:13:50Z,0.05,0.0,1,2024-11-25 00:30:30,canton police warn of scam  kelolandcom,sioux falls sd kelo  canton police are warning citizens of a scam going around according to a post on facebook a scammer in canton posing as a local rental manager and reaching out to prospective homeowners this scammer offers rental services on legi
Squirting 101: Everything You Need to Know About Female Ejaculation - Glass Almanac,"At last, the wait is over, and it’s a topic that has kept many of us up at night. Dr. Samuel Salama, along with his colleague ... Continue Reading →",health,2024-11-23T21:45:50Z,0.25,0.2833333333333333,2,2024-11-25 00:30:30,squirting 101 everything you need to know about female ejaculation  glass almanac,at last the wait is over and its a topic that has kept many of us up at night dr samuel salama along with his colleague  continue reading 
Alcohol use increased during the Covid-19 pandemic. A new study shows that it’s still high - CNN,"A surge of stress-related drinking and alcohol-related deaths brought on by the Covid-19 pandemic in the US has not tapered off the way Dr. Brian Lee, a transplant hepatologist at the University of Southern California’s Keck School of Medicine, had hoped.",health,2024-11-23T20:00:00Z,0.0,0.0,1,2024-11-25 00:30:30,alcohol use increased during the covid19 pandemic a new study shows that its still high  cnn,a surge of stressrelated drinking and alcoholrelated deaths brought on by the covid19 pandemic in the us has not tapered off the way dr brian lee a transplant hepatologist at the university of southern californias keck school of medicine had hoped
Alcohol Use Predicts Escalating Cannabis Vaping Among Youth - Neuroscience News,"A recent study highlights alcohol as the strongest predictor of cannabis vaping initiation and experimentation among youth and young adults, regardless of demographic factors.",health,2024-11-23T19:06:50Z,0.05,0.325,1,2024-11-25 00:30:30,alcohol use predicts escalating cannabis vaping among youth  neuroscience news,a recent study highlights alcohol as the strongest predictor of cannabis vaping initiation and experimentation among youth and young adults regardless of demographic factors
Our “Reptilian” Brain Areas’ Role in Emotion and Social Skills - Neuroscience News,"A new study uncovers constant communication between the human brain's social cognitive network, responsible for understanding others' thoughts, and the amygdala, known for processing fear and emotions.",health,2024-11-23T18:46:38Z,0.07393939393939394,0.3009090909090909,1,2024-11-25 00:30:30,our reptilian brain areas role in emotion and social skills  neuroscience news,a new study uncovers constant communication between the human brains social cognitive network responsible for understanding others thoughts and the amygdala known for processing fear and emotions
"Even with access to blockbuster obesity drugs, some people don't lose weight - KSL.com",Why don't weight-loss drugs work for some people? There are many factors.,health,2024-11-23T15:55:22Z,0.5,0.5,2,2024-11-25 00:30:30,even with access to blockbuster obesity drugs some people dont lose weight  kslcom,why dont weightloss drugs work for some people there are many factors
CDC confirms first child in United States infected with bird flu - UPI News,"UPI delivers the latest headlines from around the world: Top News, Entertainment, Health, Business, Science and Sports News - United Press International",health,2024-11-23T15:39:55Z,0.3333333333333333,0.4666666666666666,2,2024-11-25 00:30:30,cdc confirms first child in united states infected with bird flu  upi news,upi delivers the latest headlines from around the world top news entertainment health business science and sports news  united press international
"COVID-19 lockdowns linked to accelerated brain aging in adolescents, particularly in girls - PsyPost","New research suggests pandemic lockdowns accelerated adolescent brain aging, with girls' brains aging 4.2 years and boys' 1.4 years. This may increase neuropsychiatric disorder risks, highlighting the need for ongoing mental health support for affected teens.",health,2024-11-23T15:10:11Z,0.018181818181818174,0.32727272727272727,1,2024-11-25 00:30:30,covid19 lockdowns linked to accelerated brain aging in adolescents particularly in girls  psypost,new research suggests pandemic lockdowns accelerated adolescent brain aging with girls brains aging 42 years and boys 14 years this may increase neuropsychiatric disorder risks highlighting the need for ongoing mental health support for affected teens
"Deadly Incurable Fungus Infects Thousands On The West Coast, Attacking Their Lungs - Wide Open Country",California and Arizona report an alarming increase in Valley Fever cases. This disease can lead to long-term lung problems and death.,health,2024-11-23T14:54:33Z,-0.1,0.6,1,2024-11-25 00:30:30,deadly incurable fungus infects thousands on the west coast attacking their lungs  wide open country,california and arizona report an alarming increase in valley fever cases this disease can lead to longterm lung problems and death
Medical Mysteries: Her depression and poor memory had an unusual cause - The Washington Post,A woman’s hospitalization following a suicide attempt in 2018 led to the discovery of an undiscovered condition that had shaped her life for nearly 50 years.,health,2024-11-23T14:02:35Z,0.05,0.25,1,2024-11-25 00:30:30,medical mysteries her depression and poor memory had an unusual cause  the washington post,a womans hospitalization following a suicide attempt in 2018 led to the discovery of an undiscovered condition that had shaped her life for nearly 50 years
"Saturday Citations: Sweaty, remarkable humans; ocean level rise projections; closeup of a star in another galaxy - Phys.org","Since we last spoke, researchers at the University of Birmingham have defined the precise shape of a single photon (spoiler: roundish). Economists worry that Trump's grandiose deportation plans could lead to a recession. And astronomers report that the Milky …",health,2024-11-23T14:00:01Z,0.10952380952380954,0.3603174603174603,2,2024-11-25 00:30:30,saturday citations sweaty remarkable humans ocean level rise projections closeup of a star in another galaxy  physorg,since we last spoke researchers at the university of birmingham have defined the precise shape of a single photon spoiler roundish economists worry that trumps grandiose deportation plans could lead to a recession and astronomers report that the milky 
Eat Too Much Sugar Last Night? Here's What Dietitians Recommend You Do Today - Yahoo Life,No drastic measures necessary!,health,2024-11-23T12:00:00Z,0.0,1.0,1,2024-11-25 00:30:30,eat too much sugar last night heres what dietitians recommend you do today  yahoo life,no drastic measures necessary
"Weight loss drug users suddenly find themselves wasting more food, study says - WTOP","One in four people taking popular weight loss medications such as Ozempic, Wegovy and Mounjaro found themselves throwing more food in the trash after starting the drugs.",health,2024-11-23T10:19:16Z,0.275,0.5,2,2024-11-25 00:30:30,weight loss drug users suddenly find themselves wasting more food study says  wtop,one in four people taking popular weight loss medications such as ozempic wegovy and mounjaro found themselves throwing more food in the trash after starting the drugs
Parkinson’s: Why This 62-Year-Old’s Early Signs Were Overlooked - Healthline,"Veronica Brown lived with chronic fatigue, depression, and anxiety for over 10 years before she learned they were early signs of Parkinson's disease. Here's how she found relief after diagnosis.",health,2024-11-23T09:28:27Z,0.1,0.3,1,2024-11-25 00:30:30,parkinsons why this 62yearolds early signs were overlooked  healthline,veronica brown lived with chronic fatigue depression and anxiety for over 10 years before she learned they were early signs of parkinsons disease heres how she found relief after diagnosis
7 Things Doctors Wish Older Adults Would Do Daily - HuffPost,Physicians reveal the crucial habits that will easily improve your longevity — and it's never too late to start.,health,2024-11-23T08:00:03Z,0.04444444444444445,0.8111111111111112,1,2024-11-25 00:30:30,7 things doctors wish older adults would do daily  huffpost,physicians reveal the crucial habits that will easily improve your longevity  and its never too late to start
Longevity: Daily walks could add years to your life - Medical News Today,"Every additional hour of walking per day could add up to 6 hours to a person's life, a recent study suggests, emphasizing the importance of staying active.",health,2024-11-23T06:07:54Z,-0.06666666666666667,0.425,1,2024-11-25 00:30:30,longevity daily walks could add years to your life  medical news today,every additional hour of walking per day could add up to 6 hours to a persons life a recent study suggests emphasizing the importance of staying active
County health officials say negative test result doesn’t clear caterer in E. coli outbreak - Food Safety News,"State test results of lettuce thought to be linked to an outbreak of E. Coli infections in St. Louis County have come back negative, but officials say a",health,2024-11-23T05:07:45Z,-0.15,0.2,0,2024-11-25 00:30:30,county health officials say negative test result doesnt clear caterer in e coli outbreak  food safety news,state test results of lettuce thought to be linked to an outbreak of e coli infections in st louis county have come back negative but officials say a
"Montana poultry flock diagnosed with avian flu, euthanized - NBC Montana",A Montana woman took to Facebook to report her poultry flock came down with avian influenza.Christy Cummings says state veterinarians made the diagnosis earlier,health,2024-11-23T02:56:16Z,-0.07777777777777778,0.3944444444444445,1,2024-11-25 00:30:30,montana poultry flock diagnosed with avian flu euthanized  nbc montana,a montana woman took to facebook to report her poultry flock came down with avian influenzachristy cummings says state veterinarians made the diagnosis earlier
Russia says US using Taiwan to stir crisis in Asia,"""We see that Washington, in violation of the 'one China' principle that it recognises, is strengthening military-political contacts with Taipei under the...",general,2024-11-24T04:24:18Z,0.0,0.0,1,2024-11-25 00:30:30,russia says us using taiwan to stir crisis in asia,we see that washington in violation of the one china principle that it recognises is strengthening militarypolitical contacts with taipei under the
The Norwegian Company Blamed for California's Hydrogen Car Woes,"A civil fraud case reveals that the hydrogen fueling stations promoted by Toyota, Shell, and Chevron never worked in the first place.",general,2024-11-19T13:00:00Z,0.25,0.3333333333333333,2,2024-11-25 00:30:30,the norwegian company blamed for californias hydrogen car woes,a civil fraud case reveals that the hydrogen fueling stations promoted by toyota shell and chevron never worked in the first place
America’s Rural Hospital Crisis Has Been Looming for Decades,"Rural hospital closures have major public health consequences, and the number shutting their doors continues to increase.",general,2024-11-19T20:15:13Z,0.020833333333333332,0.18888888888888888,1,2024-11-25 00:30:30,americas rural hospital crisis has been looming for decades,rural hospital closures have major public health consequences and the number shutting their doors continues to increase
How Brands Can Act Responsibly During a Crisis,"It’s been 53 days since Hurricane Helene devastated my hometown of Asheville, but I’m going to level with you: I showered in a FEMA trailer this morning, so it’s still really hard to care about send rates and conversion optimization.",general,2024-11-19T20:00:49Z,-0.2916666666666667,0.5416666666666666,0,2024-11-25 00:30:30,how brands can act responsibly during a crisis,its been 53 days since hurricane helene devastated my hometown of asheville but im going to level with you i showered in a fema trailer this morning so its still really hard to care about send rates and conversion optimization
Sweden’s Government-Issued Pamphlet for Surviving War Has a Long History,Russia's invasion of Ukraine has alarmed neighboring countries and Sweden's bringing back its guide to surviving war.,general,2024-11-23T16:00:37Z,0.0,0.0,1,2024-11-25 00:30:30,swedens governmentissued pamphlet for surviving war has a long history,russias invasion of ukraine has alarmed neighboring countries and swedens bringing back its guide to surviving war
"Netflix's Fighting Debut Was a Disaster, and NFL Fans Are Worried","The streaming giant's Jake Paul-Mike Tyson fight was plagued with issues, leaving some to worry how the company will handle two NFL games on Christmas Day.",general,2024-11-19T17:21:00Z,0.0,1.0,1,2024-11-25 00:30:30,netflixs fighting debut was a disaster and nfl fans are worried,the streaming giants jake paulmike tyson fight was plagued with issues leaving some to worry how the company will handle two nfl games on christmas day
"Bible found stuck on fence post, opened to book of Revelation after Helene disaster in North Carolina","As floodwater from Helene receded in western North Carolina, residents discovered a Bible that had become stuck on a fence post while opened to the book of...",general,2024-11-20T21:27:27Z,0.0,0.0,1,2024-11-25 00:30:30,bible found stuck on fence post opened to book of revelation after helene disaster in north carolina,as floodwater from helene receded in western north carolina residents discovered a bible that had become stuck on a fence post while opened to the book of
Biden to send Congress an emergency funding bill for disaster relief,"The bill will be put forth ""in the coming days,"" a White House official said. The bill is meant to address funding shortages reported after a brutal storm season.",general,2024-11-18T10:28:05Z,-0.4375,0.5,0,2024-11-25 00:30:30,biden to send congress an emergency funding bill for disaster relief,the bill will be put forth in the coming days a white house official said the bill is meant to address funding shortages reported after a brutal storm season
Five Scientifically Weird Things That Predict Disaster,"We’ve landed on a few reliable methods of predicting disaster: seismic activity, weather patterns, the announcement of a new Zack Snyder movie, etc.",general,2024-11-22T13:00:00Z,-0.03181818181818183,0.2772727272727273,1,2024-11-25 00:30:30,five scientifically weird things that predict disaster,weve landed on a few reliable methods of predicting disaster seismic activity weather patterns the announcement of a new zack snyder movie etc
Brewery announces indefinite closure as ongoing threat brings fewer visitors and increases debts: 'It's going to be a difficult winter',A little-known consequence of this event and others like it is the cost to business owners and their employees.,general,2024-11-20T11:15:52Z,0.0,0.0,1,2024-11-25 00:30:30,brewery announces indefinite closure as ongoing threat brings fewer visitors and increases debts its going to be a difficult winter,a littleknown consequence of this event and others like it is the cost to business owners and their employees
New cost for Casement Park drops to £270m,The projected price tag for redeveloping the west Belfast stadium has fallen from £300m.,general,2024-11-20T07:15:05Z,0.0,0.0,1,2024-11-25 00:30:30,new cost for casement park drops to 270m,the projected price tag for redeveloping the west belfast stadium has fallen from 300m
OpenAI Accidentally Deleted Potential Evidence in New York Times Copyright Lawsuit,"An anonymous reader shares a report: Lawyers for The New York Times and Daily News, which are suing OpenAI for allegedly scraping their works to train its AI models without permission, say OpenAI engineers accidentally deleted data potentially relevant to the…",general,2024-11-21T14:04:00Z,0.1090909090909091,0.36363636363636365,2,2024-11-25 00:30:30,openai accidentally deleted potential evidence in new york times copyright lawsuit,an anonymous reader shares a report lawyers for the new york times and daily news which are suing openai for allegedly scraping their works to train its ai models without permission say openai engineers accidentally deleted data potentially relevant to the
Care home firm fined £50k after woman's death,Mary ‘Pat’ Thompson needed the help of two carers to move but fell while in the care of just one.,general,2024-11-20T13:12:29Z,0.0,0.0,1,2024-11-25 00:30:30,care home firm fined 50k after womans death,mary pat thompson needed the help of two carers to move but fell while in the care of just one
"More than 100,000 pounds of ground beef are recalled for possibly having E. coli",The Minnesota Department of Agriculture alerted federal authorities about several illnesses in the past week.,general,2024-11-22T10:19:05Z,-0.125,0.125,0,2024-11-25 00:30:30,more than 100000 pounds of ground beef are recalled for possibly having e coli,the minnesota department of agriculture alerted federal authorities about several illnesses in the past week
Archbishop of Canterbury to remain in post until new year,Justin Welby will conduct few public engagements before completing his official duties in January.,general,2024-11-20T18:21:52Z,-0.1,0.08333333333333334,1,2024-11-25 00:30:30,archbishop of canterbury to remain in post until new year,justin welby will conduct few public engagements before completing his official duties in january
‘I didn’t think I’d walk again after road crash’,Tom Hadden’s life changed forever when he was involved in a crash on a rural road in County Tyrone.,general,2024-11-20T00:05:19Z,0.0,0.0,1,2024-11-25 00:30:30,i didnt think id walk again after road crash,tom haddens life changed forever when he was involved in a crash on a rural road in county tyrone
'Ambulance delays made me a widow at 28',"Aaron Morris, 31, died following a crash in County Durham in 2022, but could have been saved.",general,2024-11-20T06:08:32Z,0.0,0.1,1,2024-11-25 00:30:30,ambulance delays made me a widow at 28,aaron morris 31 died following a crash in county durham in 2022 but could have been saved
I don't want to see Tour de France crash - Georgi,British champion Pfeiffer Georgi says she does not want to see her crash at the Tour de France Femmes where she fractured her neck.,general,2024-11-21T10:32:34Z,0.0,0.0,1,2024-11-25 00:30:30,i dont want to see tour de france crash  georgi,british champion pfeiffer georgi says she does not want to see her crash at the tour de france femmes where she fractured her neck
Billie Eilish sends love to family of Kearney teens killed in multi-state police chase,Lucy Yeates and Kole Cunningham were killed in a crash on their way to a Billie Eilish concert in Omaha. Aubrey Yeates was injured in the crash,general,2024-11-20T16:29:52Z,-0.2,0.0,0,2024-11-25 00:30:30,billie eilish sends love to family of kearney teens killed in multistate police chase,lucy yeates and kole cunningham were killed in a crash on their way to a billie eilish concert in omaha aubrey yeates was injured in the crash
JPD Chief Wade announces internal investigation due to 'inactions' by officers. See details,"Chief of Police Joseph Wade announced an internal investigation of ""officers"" relating to a car crash that occurred over the weekend.",general,2024-11-18T20:45:03Z,0.0,0.0,1,2024-11-25 00:30:30,jpd chief wade announces internal investigation due to inactions by officers see details,chief of police joseph wade announced an internal investigation of officers relating to a car crash that occurred over the weekend
"Relevant! Relevant! Relevant! At 50, Microsoft Is an AI Giant, Open-Source Lover, and as Bad as Ever","When Satya Nadella took over as CEO, the company was lumbering and uncool. He cleaned up a toxic culture, crafted the deal of the decade, and put Microsoft back on top.",general,2024-11-21T11:00:00Z,0.25,0.25,2,2024-11-25 00:30:30,relevant relevant relevant at 50 microsoft is an ai giant opensource lover and as bad as ever,when satya nadella took over as ceo the company was lumbering and uncool he cleaned up a toxic culture crafted the deal of the decade and put microsoft back on top
Wynne Evans slams media 'lies' after Strictly exit,BBC Wales presenter Wynne Evans is disappointed about media coverage of him on Strictly Come Dancing.,general,2024-11-18T10:36:52Z,-0.75,0.75,0,2024-11-25 00:30:30,wynne evans slams media lies after strictly exit,bbc wales presenter wynne evans is disappointed about media coverage of him on strictly come dancing
Price cuts fail to prevent iPhone sales drop on China's Singles Day,"China's annual Singles Day shopping festival has again seen Apple's iPhone sales decline year over year.iPhone 16 ProSingles dDay used to regularly see record-breaking sales for the iPhone, with one vendor selling 156 million of the iPhone 13 in the first two…",general,2024-11-20T11:35:31Z,0.125,0.20512820512820512,2,2024-11-25 00:30:30,price cuts fail to prevent iphone sales drop on chinas singles day,chinas annual singles day shopping festival has again seen apples iphone sales decline year over yeariphone 16 prosingles dday used to regularly see recordbreaking sales for the iphone with one vendor selling 156 million of the iphone 13 in the first two
It looks like there's a big shake-up at Comcast coming,"Comcast plans to break off some of its NBCUniversal cable channels, including MSNBC, CNBC, E!, Oxygen, and the Golf Channel, the WSJ reported.",general,2024-11-20T00:45:34Z,0.0,0.0,1,2024-11-25 00:30:30,it looks like theres a big shakeup at comcast coming,comcast plans to break off some of its nbcuniversal cable channels including msnbc cnbc e oxygen and the golf channel the wsj reported
Schools shut as snow causes more travel problems,Transport for Wales cancels some trains as weather warning continue.,general,2024-11-20T07:56:05Z,0.0,0.0,1,2024-11-25 00:30:30,schools shut as snow causes more travel problems,transport for wales cancels some trains as weather warning continue
[Removed],[Removed],general,2024-11-18T21:41:30Z,0.0,0.0,1,2024-11-25 00:30:30,removed,removed
Why one veteran economist is doubling down on his 2025 recession call after Trump's victory,"The economy is flashing a rare recession warning only seen four times in the last century, according to top economist Steve Hanke.",general,2024-11-18T15:59:58Z,0.2,0.6166666666666667,2,2024-11-25 00:30:30,why one veteran economist is doubling down on his 2025 recession call after trumps victory,the economy is flashing a rare recession warning only seen four times in the last century according to top economist steve hanke
Should Wales boss Gatland stay or go? Pundits react,Rugby pundits have weighed in on the debate over Warren Gatland's future as Wales head coach.,general,2024-11-18T21:48:14Z,0.0,0.125,1,2024-11-25 00:30:30,should wales boss gatland stay or go pundits react,rugby pundits have weighed in on the debate over warren gatlands future as wales head coach
Storm Bert brings landslide and 82mph gusts,"Ten people were rescued after a landslide near Llangollen, Denbighshire, on Saturday afternoon.",general,2024-11-23T17:27:08Z,0.05,0.2,1,2024-11-25 00:30:30,storm bert brings landslide and 82mph gusts,ten people were rescued after a landslide near llangollen denbighshire on saturday afternoon
[Removed],[Removed],general,2024-11-20T13:30:27Z,0.0,0.0,1,2024-11-25 00:30:30,removed,removed
Robotaxis could slowly be coming for Uber and Lyft drivers' earnings,"Robotaxis are rolling out across the US, and they pose a long-term threat to Uber and Lyft drivers.",general,2024-11-19T14:21:04Z,0.0,0.0,1,2024-11-25 00:30:30,robotaxis could slowly be coming for uber and lyft drivers earnings,robotaxis are rolling out across the us and they pose a longterm threat to uber and lyft drivers
[Removed],[Removed],general,2024-11-18T21:41:30Z,0.0,0.0,1,2024-11-25 00:30:30,removed,removed
"Relevant! Relevant! Relevant! At 50, Microsoft Is an AI Giant, Open-Source Lover, and as Bad as Ever","When Satya Nadella took over as CEO, the company was lumbering and uncool. He cleaned up a toxic culture, crafted the deal of the decade, and put Microsoft back on top.",general,2024-11-21T11:00:00Z,0.25,0.25,2,2024-11-25 00:30:30,relevant relevant relevant at 50 microsoft is an ai giant opensource lover and as bad as ever,when satya nadella took over as ceo the company was lumbering and uncool he cleaned up a toxic culture crafted the deal of the decade and put microsoft back on top
People smugglers who promoted Tripadvisor-style video reviews caught,"The smugglers offered the migrants bronze, silver, gold and platinum packages, depending on risk.",general,2024-11-22T13:54:53Z,0.0,0.0,1,2024-11-25 00:30:30,people smugglers who promoted tripadvisorstyle video reviews caught,the smugglers offered the migrants bronze silver gold and platinum packages depending on risk
New Zealand’s capital prepares for huge Maori protests,"The country is seen as a world leader for supporting indigenous rights, but many fear that's now at risk.",general,2024-11-18T17:19:53Z,0.375,0.375,2,2024-11-25 00:30:30,new zealands capital prepares for huge maori protests,the country is seen as a world leader for supporting indigenous rights but many fear thats now at risk
A bodybuilder says this 5-minute weighted warm-up sets him up for for better gains in the gym,"Warming up with weightlifting exercise helps activate muscles for better gains and less risk of injury, according to a bodybuilder.",general,2024-11-22T15:27:41Z,0.16666666666666669,0.2833333333333333,2,2024-11-25 00:30:30,a bodybuilder says this 5minute weighted warmup sets him up for for better gains in the gym,warming up with weightlifting exercise helps activate muscles for better gains and less risk of injury according to a bodybuilder
A more severe strain of mpox has been detected in the U.S. for the first time,"The patient was traveling from East Africa, where the mpox disease is endemic. The CDC says the strain does not present a high risk to the general population.",general,2024-11-18T10:08:44Z,0.07,0.3466666666666667,1,2024-11-25 00:30:30,a more severe strain of mpox has been detected in the us for the first time,the patient was traveling from east africa where the mpox disease is endemic the cdc says the strain does not present a high risk to the general population
[Removed],[Removed],general,2024-11-18T21:41:30Z,0.0,0.0,1,2024-11-25 00:30:30,removed,removed
"WATCH: Giraffes need endangered species protection for the first time, US officials say","The tallest animal on Earth is in danger, according to the U.S. Fish and Wildlife Service, which has called for federal protections for giraffe species for the first time.",general,2024-11-22T00:22:12Z,0.25,0.3333333333333333,2,2024-11-25 00:30:30,watch giraffes need endangered species protection for the first time us officials say,the tallest animal on earth is in danger according to the us fish and wildlife service which has called for federal protections for giraffe species for the first time
Danger Danger by Exploding Kittens Fast Paced Strategic Card Game $4,Amazon [amazon.com] has *Danger Danger by Exploding Kittens Fast Paced Strategic Card Game* for $5.99 - $2 when you 'clip' the coupon on product page = *$3.99*. *Shipping is free* with Prime or on...,general,2024-11-22T06:48:48Z,0.06666666666666667,0.6,1,2024-11-25 00:30:30,danger danger by exploding kittens fast paced strategic card game 4,amazon amazoncom has danger danger by exploding kittens fast paced strategic card game for 599  2 when you clip the coupon on product page  399 shipping is free with prime or on
Norwegian mass killer Breivik says his attacks were 'necessary' in parole bid,"SANDVIKA, Norway (Reuters) -Anders Behring Breivik, the jailed mass murderer who killed 77 in Norway's worst peacetime atrocity, told a court his attacks...",general,2024-11-19T02:05:25Z,-0.6,0.5,0,2024-11-25 00:30:30,norwegian mass killer breivik says his attacks were necessary in parole bid,sandvika norway reuters anders behring breivik the jailed mass murderer who killed 77 in norways worst peacetime atrocity told a court his attacks
"S.T.A.L.K.E.R. 2: Heart Of Chornobyl review: a captivating survival shooter, even with bits falling off","We’re probably all past ""And in the game"" jokes by now, but it is fitting that S.T.A.L.K.E.R. 2: Heart Of Chornobyl is about venturing into a shattered world and enduring the worst of its logic-defying hardships to find the treasures within. This is a bold, u…",general,2024-11-20T14:00:00Z,-0.16333333333333333,0.5633333333333332,0,2024-11-25 00:30:30,stalker 2 heart of chornobyl review a captivating survival shooter even with bits falling off,were probably all past and in the game jokes by now but it is fitting that stalker 2 heart of chornobyl is about venturing into a shattered world and enduring the worst of its logicdefying hardships to find the treasures within this is a bold u
See Photos of the Seventh Volcanic Eruption on Iceland’s Reykjanes Peninsula in 12 Months,The repeated volcanic eruptions on the Reykjanes Peninsula have damaged infrastructure and property in nearby town Grindavík and forced many residents to relocate for their safety.,general,2024-11-21T07:30:00Z,0.09999999999999998,0.35,1,2024-11-25 00:30:30,see photos of the seventh volcanic eruption on icelands reykjanes peninsula in 12 months,the repeated volcanic eruptions on the reykjanes peninsula have damaged infrastructure and property in nearby town grindavík and forced many residents to relocate for their safety
America’s Rare Earth Problem Could Be Solved With Literal Trash,"Rare earth elements are crucial to many technologies, and scientists say the U.S. could boost extraction from domestic reserves by as much as eight times the current level.",general,2024-11-23T15:00:05Z,0.16666666666666666,0.5166666666666667,2,2024-11-25 00:30:30,americas rare earth problem could be solved with literal trash,rare earth elements are crucial to many technologies and scientists say the us could boost extraction from domestic reserves by as much as eight times the current level
Australia's proposed social media ban for kids is a 1950s solution to a 2024 problem,"If you think like a hammer, every problem looks like a nail.",general,2024-11-23T16:00:00Z,0.0,0.0,1,2024-11-25 00:30:30,australias proposed social media ban for kids is a 1950s solution to a 2024 problem,if you think like a hammer every problem looks like a nail
Microsoft's Copilot has an oversharing problem. The company is trying to help customers fix it.,"Microsoft released tools to address security issues with  Copilot, which indexes internal data and sometimes shares sensitive customer information.",general,2024-11-21T01:15:13Z,0.05,0.45,1,2024-11-25 00:30:30,microsofts copilot has an oversharing problem the company is trying to help customers fix it,microsoft released tools to address security issues with  copilot which indexes internal data and sometimes shares sensitive customer information
The Norwegian Company Blamed for California's Hydrogen Car Woes,"A civil fraud case reveals that the hydrogen fueling stations promoted by Toyota, Shell, and Chevron never worked in the first place.",general,2024-11-19T13:00:00Z,0.25,0.3333333333333333,2,2024-11-25 00:30:30,the norwegian company blamed for californias hydrogen car woes,a civil fraud case reveals that the hydrogen fueling stations promoted by toyota shell and chevron never worked in the first place
The AI Reporter That Took My Old Job Just Got Fired,"A local newspaper in Hawaii experimented with AI-generated presenters to engage and boost its readership. After two months, the bots have been shelved.",general,2024-11-21T10:00:00Z,0.0,0.0,1,2024-11-25 00:30:30,the ai reporter that took my old job just got fired,a local newspaper in hawaii experimented with aigenerated presenters to engage and boost its readership after two months the bots have been shelved
